"","database","category","pval","qval","genes"
"67","GO_Biological_Process_2017","cornification (GO:0070268)",0.00107623998832637,0.166817198190587,"KRT1,KRT14,KRT13,EVPL,KRT6A"
"223","GO_Cellular_Component_2017","lamellar body (GO:0042599)",0.0010413236915045,0.0442108708981557,"SFTPB,SFTPA1"
"222","GO_Cellular_Component_2017","myosin complex (GO:0016459)",0.00176843483592623,0.0442108708981557,"MYL7,MYH6"
"224","GO_Cellular_Component_2017","clathrin-coated endocytic vesicle (GO:0045334)",0.00376040906709821,0.0501491562783132,"SFTPB,SFTPA1"
"225","GO_Cellular_Component_2017","endosome lumen (GO:0031904)",0.00436664843853232,0.0501491562783132,"GH1,PRL"
"226","GO_Cellular_Component_2017","keratin filament (GO:0045095)",0.00501491562783132,0.0501491562783132,"KRT14,KRT13"
"227","GO_Cellular_Component_2017","muscle myosin complex (GO:0005859)",0.0126398753029341,0.105332294191117,"MYH1,MYH6"
"228","GO_Cellular_Component_2017","sarcomere (GO:0030017)",0.0158519058111939,0.113227898651385,"ACTA1,MYH6"
"229","GO_Cellular_Component_2017","intermediate filament cytoskeleton (GO:0045111)",0.0394937574830689,0.246835984269181,"KRT13,EVPL"
